county,fips,rating_area,plans,insurers,min_premium_age21,median_premium_age21,min_premium_age40,median_premium_age40,median_silver_age40,min_premium_age60,median_premium_age60
Anderson,48001,21,49,3,277.34,525.92,354.44,672.12,785.25,752.7,1427.34
Andrews,48003,16,54,4,328.99,502.37,420.45,642.04,720.3,892.88,1363.44
Angelina,48005,4,30,2,342.45,495.0,437.65,632.61,729.33,929.41,1343.44
Aransas,48007,7,58,4,278.85,528.83,356.37,675.84,749.1,756.79,1435.22
Archer,48009,24,19,1,435.04,619.96,555.98,792.31,944.05,1180.7,1682.57
Armstrong,48011,2,54,4,379.44,572.6,484.92,731.76,816.46,1029.8,1554.0
Atascosa,48013,18,54,4,356.12,540.32,455.12,690.52,743.91,966.51,1466.41
Austin,48015,26,60,5,352.98,519.85,451.09,664.36,742.34,957.95,1410.85
Bailey,48017,14,33,2,406.62,575.29,519.66,735.22,853.12,1103.57,1561.34
Bandera,48019,18,54,4,356.12,540.32,455.12,690.52,743.91,966.51,1466.41
Bastrop,48021,3,47,4,338.54,590.99,432.65,755.27,851.58,918.79,1603.92
Baylor,48023,24,19,1,435.04,619.96,555.98,792.31,944.05,1180.7,1682.57
Bee,48025,7,44,3,278.85,501.6,356.37,641.05,763.21,756.79,1361.36
Bell,48027,11,55,4,381.32,554.59,487.33,708.75,787.6,1034.91,1505.12
Bexar,48029,18,123,9,310.77,496.4,397.16,634.4,705.66,843.43,1347.22
Blanco,48031,3,54,4,352.26,574.55,450.19,734.27,850.48,956.04,1559.3
Borden,48033,16,42,3,328.99,502.37,420.45,642.04,769.22,892.88,1363.44
Bosque,48035,23,38,3,371.67,555.43,475.0,709.83,759.95,1008.72,1507.41
Bowie,48037,20,47,3,291.06,537.61,371.97,687.07,818.26,789.94,1459.07
Brazoria,48039,26,82,6,352.98,513.12,451.09,655.76,760.96,957.95,1392.6
Brazos,48041,6,55,4,350.14,538.56,447.48,688.28,735.28,950.29,1461.66
Brewster,48043,9,51,4,369.55,589.5,472.28,753.38,795.46,1002.96,1599.9
Briscoe,48045,2,42,3,379.44,560.18,484.92,715.91,823.3,1029.8,1520.32
Brooks,48047,15,58,4,250.7,482.38,320.39,616.47,682.93,680.39,1309.16
Brown,48049,1,31,2,454.23,663.04,580.51,847.36,946.84,1232.78,1799.48
Burleson,48051,6,45,3,350.14,538.56,447.48,688.28,728.11,950.29,1461.66
Burnet,48053,3,71,6,338.54,541.82,432.65,692.45,820.73,918.79,1470.5
Caldwell,48055,3,96,7,251.57,500.38,321.51,639.5,781.17,682.77,1358.04
Calhoun,48057,22,45,3,411.07,610.18,525.34,779.81,827.72,1115.63,1656.03
Callahan,48059,1,28,2,454.23,651.8,580.51,833.0,993.54,1232.78,1768.97
Cameron,48061,5,78,5,277.61,516.66,354.79,660.29,782.47,753.43,1402.2
Camp,48063,20,45,3,380.88,573.46,486.76,732.87,817.37,1033.71,1556.35
Carson,48065,2,54,4,379.44,572.6,484.92,731.76,816.46,1029.8,1554.0
Cass,48067,20,47,3,291.06,537.61,371.97,687.07,818.26,789.94,1459.07
Castro,48069,2,54,4,379.44,572.6,484.92,731.76,816.46,1029.8,1554.0
Chambers,48071,27,48,4,366.38,547.76,468.24,700.02,757.51,994.36,1486.58
Cherokee,48073,21,61,4,277.34,525.92,354.44,672.12,739.88,752.7,1427.34
Childress,48075,2,42,3,379.44,560.18,484.92,715.91,823.3,1029.8,1520.32
Clay,48077,24,19,1,435.04,619.96,555.98,792.31,944.05,1180.7,1682.57
Cochran,48079,14,33,2,406.62,575.29,519.66,735.22,853.12,1103.57,1561.34
Coke,48081,17,54,4,454.12,719.78,580.37,919.88,974.02,1232.48,1953.48
Coleman,48083,1,40,3,454.23,659.75,580.51,843.16,962.55,1232.78,1790.56
Collin,48085,8,127,10,322.01,538.37,411.53,688.04,761.37,873.94,1461.15
Collingsworth,48087,2,54,4,379.44,572.6,484.92,731.76,816.46,1029.8,1554.0
Colorado,48089,26,42,3,364.04,544.48,465.24,695.84,743.04,988.0,1477.7
Comal,48091,18,115,7,261.83,496.31,334.61,634.27,713.24,710.6,1346.96
Comanche,48093,1,40,3,454.23,659.75,580.51,843.16,962.55,1232.78,1790.56
Concho,48095,17,45,3,454.12,723.59,580.37,924.74,972.93,1232.48,1963.8
Cooke,48097,19,69,5,371.67,593.22,474.98,758.12,868.71,1008.69,1609.97
Coryell,48099,11,43,3,381.32,554.03,487.33,708.05,812.49,1034.91,1503.64
Cottle,48101,24,28,2,275.54,457.52,352.15,584.71,921.9,747.83,1241.72
Crane,48103,16,42,3,328.99,502.37,420.45,642.04,769.22,892.88,1363.44
Crockett,48105,17,33,2,454.12,745.53,580.37,952.79,1009.42,1232.48,2023.37
Crosby,48107,14,74,5,381.1,573.26,487.05,732.62,852.11,1034.32,1555.81
Culberson,48109,9,30,2,369.55,522.73,472.28,668.05,772.14,1002.96,1418.68
Dallam,48111,2,54,4,379.44,572.6,484.92,731.76,816.46,1029.8,1554.0
Dallas,48113,8,138,10,322.01,540.23,411.53,690.41,746.78,873.94,1466.18
Dawson,48115,16,42,3,328.99,502.37,420.45,642.04,769.22,892.88,1363.44
Deaf Smith,48117,2,54,4,379.44,572.6,484.92,731.76,816.46,1029.8,1554.0
Delta,48119,20,45,3,380.88,573.46,486.76,732.87,817.37,1033.71,1556.35
Denton,48121,25,117,8,342.0,561.66,437.08,717.79,796.65,928.19,1524.32
DeWitt,48123,22,45,3,411.07,610.18,525.34,779.81,827.72,1115.63,1656.03
Dickens,48125,14,42,3,381.1,570.83,487.05,729.52,848.82,1034.32,1549.22
Dimmit,48127,18,30,2,356.12,522.84,455.12,668.19,814.1,966.51,1418.98
Donley,48129,2,54,4,379.44,572.6,484.92,731.76,816.46,1029.8,1554.0
Duval,48131,12,33,2,449.16,645.44,574.02,824.87,969.94,1219.01,1751.72
Eastland,48133,1,28,2,454.23,651.8,580.51,833.0,993.54,1232.78,1768.97
Ector,48135,16,54,4,328.99,502.37,420.45,642.04,720.3,892.88,1363.44
Edwards,48137,18,42,3,356.12,552.13,455.12,705.62,752.39,966.51,1498.48
Ellis,48139,8,119,8,322.01,547.41,411.53,699.58,753.17,873.94,1485.66
El Paso,48141,9,110,7,294.0,511.72,375.73,653.98,755.54,797.92,1388.82
Erath,48143,25,30,2,413.42,606.96,528.35,775.7,914.87,1122.01,1647.29
Falls,48145,23,38,3,371.67,555.43,475.0,709.83,759.95,1008.72,1507.41
Fannin,48147,19,57,4,434.92,606.85,555.83,775.54,872.9,1180.39,1646.96
Fayette,48149,3,49,4,338.54,551.19,432.65,704.42,820.73,918.79,1495.92
Fisher,48151,1,40,3,454.23,659.75,580.51,843.16,962.55,1232.78,1790.56
Floyd,48153,14,42,3,381.1,570.83,487.05,729.52,848.82,1034.32,1549.22
Foard,48155,24,19,1,435.04,619.96,555.98,792.31,944.05,1180.7,1682.57
Fort Bend,48157,26,107,7,336.51,511.59,430.06,653.79,723.54,913.29,1388.42
Franklin,48159,20,47,3,291.06,537.61,371.97,687.07,818.26,789.94,1459.07
Freestone,48161,23,38,3,371.67,555.43,475.0,709.83,759.95,1008.72,1507.41
Frio,48163,18,42,3,356.12,552.13,455.12,705.62,752.39,966.51,1498.48
Gaines,48165,16,42,3,328.99,502.37,420.45,642.04,769.22,892.88,1363.44
Galveston,48167,10,61,5,364.53,567.84,465.85,725.69,790.07,989.3,1541.1
Garza,48169,14,42,3,381.1,570.83,487.05,729.52,848.82,1034.32,1549.22
Gillespie,48171,18,42,3,356.12,552.13,455.12,705.62,752.39,966.51,1498.48
Glasscock,48173,16,42,3,328.99,502.37,420.45,642.04,769.22,892.88,1363.44
Goliad,48175,22,45,3,411.07,610.18,525.34,779.81,827.72,1115.63,1656.03
Gonzales,48177,18,54,4,356.12,540.32,455.12,690.52,743.91,966.51,1466.41
Gray,48179,2,54,4,379.44,572.6,484.92,731.76,816.46,1029.8,1554.0
Grayson,48181,19,57,4,434.92,606.85,555.83,775.54,872.9,1180.39,1646.96
Gregg,48183,13,61,4,262.22,494.34,335.12,631.75,711.78,711.67,1341.6
Grimes,48185,6,45,3,350.14,538.56,447.48,688.28,728.11,950.29,1461.66
Guadalupe,48187,18,96,7,261.83,484.44,334.61,619.12,727.55,710.6,1314.78
Hale,48189,14,42,3,381.1,570.83,487.05,729.52,848.82,1034.32,1549.22
Hall,48191,2,42,3,379.44,560.18,484.92,715.91,823.3,1029.8,1520.32
Hamilton,48193,11,55,4,381.32,554.59,487.33,708.75,787.6,1034.91,1505.12
Hansford,48195,2,42,3,379.44,560.18,484.92,715.91,823.3,1029.8,1520.32
Hardeman,48197,24,19,1,435.04,619.96,555.98,792.31,944.05,1180.7,1682.57
Hardin,48199,4,64,5,265.62,481.46,339.46,615.31,694.8,720.89,1306.68
Harris,48201,10,121,9,293.04,506.21,374.51,646.92,755.2,795.32,1373.82
Harrison,48203,13,47,3,262.22,500.25,335.12,639.32,775.81,711.67,1357.68
Hartley,48205,2,54,4,379.44,572.6,484.92,731.76,816.46,1029.8,1554.0
Haskell,48207,1,28,2,454.23,651.8,580.51,833.0,993.54,1232.78,1768.97
Hays,48209,3,102,9,251.57,514.08,321.51,656.98,748.25,682.77,1395.18
Hemphill,48211,2,42,3,379.44,560.18,484.92,715.91,823.3,1029.8,1520.32
Henderson,48213,21,45,3,388.48,540.05,496.48,690.18,776.84,1054.33,1465.68
Hidalgo,48215,15,78,5,297.6,492.86,380.33,629.86,753.02,807.69,1337.58
Hill,48217,23,38,3,371.67,555.43,475.0,709.83,759.95,1008.72,1507.41
Hockley,48219,14,42,3,381.1,570.83,487.05,729.52,848.82,1034.32,1549.22
Hood,48221,25,54,4,413.42,636.8,528.35,813.82,908.68,1122.01,1728.26
Hopkins,48223,20,47,3,291.06,537.61,371.97,687.07,818.26,789.94,1459.07
Houston,48225,4,42,3,342.45,495.06,437.65,632.67,717.18,929.41,1343.56
Howard,48227,16,42,3,328.99,502.37,420.45,642.04,769.22,892.88,1363.44
Hudspeth,48229,9,42,3,362.76,512.5,463.6,654.98,769.69,984.51,1390.93
Hunt,48231,8,74,5,322.01,586.99,411.53,750.17,930.0,873.94,1593.09
Hutchinson,48233,2,42,3,379.44,560.18,484.92,715.91,823.3,1029.8,1520.32
Irion,48235,17,45,3,454.12,723.59,580.37,924.74,972.93,1232.48,1963.8
Jack,48237,24,57,4,359.01,522.16,458.82,667.31,733.89,974.36,1417.12
Jackson,48239,22,45,3,411.07,610.18,525.34,779.81,827.72,1115.63,1656.03
Jasper,48241,4,50,4,265.62,467.61,339.46,597.6,717.39,720.89,1269.1
Jeff Davis,48243,9,30,2,369.55,522.73,472.28,668.05,772.14,1002.96,1418.68
Jefferson,48245,4,91,6,265.62,479.99,339.46,613.43,711.5,720.89,1302.69
Jim Hogg,48247,12,33,2,449.16,645.44,574.02,824.87,969.94,1219.01,1751.72
Jim Wells,48249,7,44,3,278.85,501.6,356.37,641.05,763.21,756.79,1361.36
Johnson,48251,25,86,6,342.0,595.48,437.08,761.03,844.61,928.19,1616.14
Jones,48253,1,28,2,454.23,651.8,580.51,833.0,993.54,1232.78,1768.97
Karnes,48255,22,47,3,291.15,552.11,372.09,705.6,840.29,790.19,1498.44
Kaufman,48257,8,48,3,322.01,529.26,411.53,676.39,964.79,873.94,1436.4
Kendall,48259,18,65,4,356.12,521.41,455.12,666.36,731.14,966.51,1415.09
Kenedy,48261,5,58,4,283.37,478.67,362.15,611.74,729.92,769.08,1299.12
Kent,48263,1,28,2,454.23,651.8,580.51,833.0,993.54,1232.78,1768.97
Kerr,48265,18,42,3,356.12,552.13,455.12,705.62,752.39,966.51,1498.48
Kimble,48267,17,45,3,454.12,723.59,580.37,924.74,972.93,1232.48,1963.8
King,48269,14,42,3,381.1,570.83,487.05,729.52,848.82,1034.32,1549.22
Kinney,48271,18,42,3,356.12,552.13,455.12,705.62,752.39,966.51,1498.48
Kleberg,48273,7,44,3,278.85,501.6,356.37,641.05,763.21,756.79,1361.36
Knox,48275,24,28,2,275.54,457.52,352.15,584.71,921.9,747.83,1241.72
Lamar,48277,20,33,2,380.88,559.7,486.76,715.3,821.47,1033.71,1519.03
Lamb,48279,14,42,3,381.1,570.83,487.05,729.52,848.82,1034.32,1549.22
Lampasas,48281,11,55,4,381.32,554.59,487.33,708.75,787.6,1034.91,1505.12
La Salle,48283,18,42,3,356.12,496.36,455.12,634.34,733.98,966.51,1347.09
Lavaca,48285,22,45,3,411.07,610.18,525.34,779.81,827.72,1115.63,1656.03
Lee,48287,3,61,5,338.54,551.19,432.65,704.42,837.84,918.79,1495.92
Leon,48289,6,45,3,350.14,538.56,447.48,688.28,728.11,950.29,1461.66
Liberty,48291,27,60,5,366.38,533.92,468.24,682.33,766.59,994.36,1449.02
Limestone,48293,23,38,3,371.67,555.43,475.0,709.83,759.95,1008.72,1507.41
Lipscomb,48295,2,42,3,379.44,560.18,484.92,715.91,823.3,1029.8,1520.32
Live Oak,48297,7,44,3,278.85,501.6,356.37,641.05,763.21,756.79,1361.36
Llano,48299,3,64,5,342.1,549.21,437.2,701.89,837.84,928.46,1490.55
Loving,48301,16,42,3,328.99,502.37,420.45,642.04,769.22,892.88,1363.44
Lubbock,48303,14,74,5,381.1,573.26,487.05,732.62,852.11,1034.32,1555.81
Lynn,48305,14,63,4,381.1,567.71,487.05,725.53,849.31,1034.32,1540.76
McCulloch,48307,17,54,4,454.12,719.78,580.37,919.88,974.02,1232.48,1953.48
McLennan,48309,23,44,3,368.13,542.1,470.47,692.78,759.23,999.1,1471.21
McMullen,48311,12,45,3,358.04,583.13,457.56,745.23,918.16,971.69,1582.6
Madison,48313,6,45,3,350.14,538.56,447.48,688.28,728.11,950.29,1461.66
Marion,48315,13,47,3,262.22,500.25,335.12,639.32,775.81,711.67,1357.68
Martin,48317,16,42,3,328.99,502.37,420.45,642.04,769.22,892.88,1363.44
Mason,48319,17,45,3,454.12,723.59,580.37,924.74,972.93,1232.48,1963.8
Matagorda,48321,26,69,5,353.67,530.62,451.99,678.13,773.33,959.86,1440.09
Maverick,48323,18,42,3,356.12,552.13,455.12,705.62,752.39,966.51,1498.48
Medina,48325,18,75,5,310.77,506.58,397.16,647.4,731.14,843.43,1374.84
Menard,48327,17,45,3,454.12,723.59,580.37,924.74,972.93,1232.48,1963.8
Midland,48329,16,54,4,328.99,502.37,420.45,642.04,720.3,892.88,1363.44
Milam,48331,6,67,5,323.73,517.42,413.72,661.26,728.11,878.59,1404.27
Mills,48333,11,55,4,381.32,554.59,487.33,708.75,787.6,1034.91,1505.12
Mitchell,48335,1,40,3,454.23,659.75,580.51,843.16,962.55,1232.78,1790.56
Montague,48337,24,45,3,359.01,541.17,458.82,691.6,728.05,974.36,1468.7
Montgomery,48339,27,112,8,338.02,521.77,431.99,666.82,739.91,917.39,1416.07
Moore,48341,2,42,3,379.44,560.18,484.92,715.91,823.3,1029.8,1520.32
Morris,48343,20,47,3,291.06,537.61,371.97,687.07,818.26,789.94,1459.07
Motley,48345,14,42,3,381.1,570.83,487.05,729.52,848.82,1034.32,1549.22
Nacogdoches,48347,4,42,3,342.45,495.06,437.65,632.67,717.18,929.41,1343.56
Navarro,48349,8,52,4,345.69,653.47,441.79,835.14,932.38,938.21,1773.52
Newton,48351,4,50,4,265.62,467.61,339.46,597.6,717.39,720.89,1269.1
Nolan,48353,1,28,2,454.23,651.8,580.51,833.0,993.54,1232.78,1768.97
Nueces,48355,7,64,4,278.85,528.5,356.37,675.42,747.04,756.79,1434.33
Ochiltree,48357,2,42,3,379.44,560.18,484.92,715.91,823.3,1029.8,1520.32
Oldham,48359,2,54,4,379.44,572.6,484.92,731.76,816.46,1029.8,1554.0
Orange,48361,4,85,6,265.62,480.77,339.46,614.42,717.18,720.89,1304.79
Palo Pinto,48363,25,42,3,413.42,655.08,528.35,837.2,932.38,1122.01,1777.89
Panola,48365,13,45,3,358.3,506.95,457.91,647.88,767.64,972.43,1375.86
Parker,48367,25,66,5,404.46,621.5,516.89,794.27,845.1,1097.68,1686.74
Parmer,48369,2,54,4,379.44,572.6,484.92,731.76,816.46,1029.8,1554.0
Pecos,48371,16,42,3,328.99,502.37,420.45,642.04,769.22,892.88,1363.44
Polk,48373,4,36,3,342.45,488.59,437.65,624.42,721.55,929.41,1326.03
Potter,48375,2,54,4,379.44,572.6,484.92,731.76,816.46,1029.8,1554.0
Presidio,48377,9,30,2,369.55,522.73,472.28,668.05,772.14,1002.96,1418.68
Rains,48379,21,61,4,277.34,525.92,354.44,672.12,739.88,752.7,1427.34
Randall,48381,2,54,4,379.44,572.6,484.92,731.76,816.46,1029.8,1554.0
Reagan,48383,17,42,3,454.12,731.97,580.37,935.46,983.27,1232.48,1986.56
Real,48385,18,42,3,356.12,552.13,455.12,705.62,752.39,966.51,1498.48
Red River,48387,20,47,3,291.06,537.61,371.97,687.07,818.26,789.94,1459.07
Reeves,48389,16,42,3,328.99,502.37,420.45,642.04,769.22,892.88,1363.44
Refugio,48391,7,58,4,278.85,528.83,356.37,675.84,749.1,756.79,1435.22
Roberts,48393,2,42,3,379.44,560.18,484.92,715.91,823.3,1029.8,1520.32
Robertson,48395,6,45,3,350.14,538.56,447.48,688.28,728.11,950.29,1461.66
Rockwall,48397,8,120,9,322.01,540.18,411.53,690.36,761.37,873.94,1466.06
Runnels,48399,1,40,3,454.23,659.75,580.51,843.16,962.55,1232.78,1790.56
Rusk,48401,13,45,3,358.3,506.95,457.91,647.88,767.64,972.43,1375.86
Sabine,48403,4,30,2,342.45,495.0,437.65,632.61,729.33,929.41,1343.44
San Augustine,48405,4,30,2,342.45,495.0,437.65,632.61,729.33,929.41,1343.44
San Jacinto,48407,4,60,5,342.45,489.42,437.65,625.46,717.39,929.41,1328.25
San Patricio,48409,7,44,3,278.85,501.6,356.37,641.05,763.21,756.79,1361.36
San Saba,48411,11,55,4,381.32,554.59,487.33,708.75,787.6,1034.91,1505.12
Schleicher,48413,17,45,3,454.12,723.59,580.37,924.74,972.93,1232.48,1963.8
Scurry,48415,1,40,3,454.23,659.75,580.51,843.16,962.55,1232.78,1790.56
Shackelford,48417,1,28,2,454.23,651.8,580.51,833.0,993.54,1232.78,1768.97
Shelby,48419,4,30,2,342.45,495.0,437.65,632.61,729.33,929.41,1343.44
Sherman,48421,2,54,4,379.44,572.6,484.92,731.76,816.46,1029.8,1554.0
Smith,48423,21,61,4,277.34,525.92,354.44,672.12,739.88,752.7,1427.34
Somervell,48425,25,51,4,364.52,646.12,465.86,825.75,913.34,989.32,1753.58
Starr,48427,15,42,3,343.31,508.92,438.75,650.4,740.23,931.74,1381.2
Stephens,48429,1,28,2,454.23,651.8,580.51,833.0,993.54,1232.78,1768.97
Sterling,48431,17,45,3,454.12,723.59,580.37,924.74,972.93,1232.48,1963.8
Stonewall,48433,1,40,3,454.23,659.75,580.51,843.16,962.55,1232.78,1790.56
Sutton,48435,17,45,3,454.12,723.59,580.37,924.74,972.93,1232.48,1963.8
Swisher,48437,2,42,3,379.44,560.18,484.92,715.91,823.3,1029.8,1520.32
Tarrant,48439,25,128,9,342.0,562.6,437.08,719.0,812.66,928.19,1526.88
Taylor,48441,1,28,2,454.23,651.8,580.51,833.0,993.54,1232.78,1768.97
Terrell,48443,16,33,2,328.99,494.82,420.45,632.38,739.46,892.88,1342.94
Terry,48445,14,63,4,381.1,567.71,487.05,725.53,849.31,1034.32,1540.76
Throckmorton,48447,1,28,2,454.23,651.8,580.51,833.0,993.54,1232.78,1768.97
Titus,48449,20,47,3,291.06,537.61,371.97,687.07,818.26,789.94,1459.07
Tom Green,48451,17,45,3,454.12,723.59,580.37,924.74,972.93,1232.48,1963.8
Travis,48453,3,110,10,338.54,533.26,432.65,681.5,746.19,918.79,1447.26
Trinity,48455,4,42,3,342.45,495.06,437.65,632.67,717.18,929.41,1343.56
Tyler,48457,4,64,5,265.62,481.46,339.46,615.31,694.8,720.89,1306.68
Upshur,48459,13,47,3,262.22,500.25,335.12,639.32,775.81,711.67,1357.68
Upton,48461,16,42,3,328.99,502.37,420.45,642.04,769.22,892.88,1363.44
Uvalde,48463,18,30,2,356.12,522.84,455.12,668.19,814.1,966.51,1418.98
Val Verde,48465,18,42,3,356.12,552.13,455.12,705.62,752.39,966.51,1498.48
Van Zandt,48467,21,61,4,277.34,525.92,354.44,672.12,739.88,752.7,1427.34
Victoria,48469,22,45,3,411.07,610.18,525.34,779.81,827.72,1115.63,1656.03
Walker,48471,27,81,6,338.02,520.97,431.99,665.78,763.02,917.39,1413.88
Waller,48473,26,60,5,352.98,519.85,451.09,664.36,742.34,957.95,1410.85
Ward,48475,16,42,3,328.99,502.37,420.45,642.04,769.22,892.88,1363.44
Washington,48477,6,29,2,387.45,549.87,495.16,702.73,834.57,1051.54,1492.35
Webb,48479,12,45,3,449.16,534.38,574.02,682.93,898.18,1219.01,1450.28
Wharton,48481,26,48,4,364.04,535.42,465.24,684.26,744.16,988.0,1453.1
Wheeler,48483,2,54,4,379.44,572.6,484.92,731.76,816.46,1029.8,1554.0
Wichita,48485,24,19,1,435.04,619.96,555.98,792.31,944.05,1180.7,1682.57
Wilbarger,48487,24,19,1,435.04,619.96,555.98,792.31,944.05,1180.7,1682.57
Willacy,48489,5,54,4,338.36,558.5,432.42,713.76,786.49,918.31,1515.76
Williamson,48491,3,110,10,338.54,533.26,432.65,681.5,746.19,918.79,1447.26
Wilson,48493,18,63,4,310.77,483.68,397.16,618.14,723.73,843.43,1312.71
Winkler,48495,16,42,3,328.99,502.37,420.45,642.04,769.22,892.88,1363.44
Wise,48497,25,66,5,404.46,621.5,516.89,794.27,845.1,1097.68,1686.74
Wood,48499,21,61,4,277.34,525.92,354.44,672.12,739.88,752.7,1427.34
Yoakum,48501,14,42,3,381.1,570.83,487.05,729.52,848.82,1034.32,1549.22
Young,48503,24,33,2,359.01,552.21,458.82,705.72,912.76,974.36,1498.69
Zapata,48505,12,45,3,449.16,534.38,574.02,682.93,898.18,1219.01,1450.28
Zavala,48507,18,30,2,356.12,522.84,455.12,668.19,814.1,966.51,1418.98
